Road Name,Division Name,Date Type,near_junction,near_bus_stop,near_highway,footpath_violation,both_sides_banned,immediate_tow_mention,near_landmark,zero_tolerance,description_length,Yard Name,narrow_road,residential_society,no_parking_explicit,meters_distance_mention,market_area,Towed
FC Road (Fergusson College Road) & JM Road (Jangli Maharaj Road):,Deccan Traffic Division,Odd,0,0,0,0,0,0,1,0,65,Deccan Traffic Yard,0,0,0,0,0,0
Goodluck Cafe Lane: The stretch from Goodluck Hotel to Suvarnasmruti Mangal Karyalaya has been declared a strict no-parking zone on both sides due to heavy resident complaints about double-parking and blocked gates.,Deccan Traffic Division,Even,0,0,0,0,1,0,0,1,215,Deccan Traffic Yard,1,0,1,0,0,1
akatdar Path Road (Deccan/Chaturshringi border): The 300-meter road from Chaitrali Co-Op Housing Society to Kshitij Bungalow is a no-parking zone on both sides.,Deccan Traffic Division,Both,0,0,0,0,1,0,0,0,160,Deccan Traffic Yard,0,1,1,0,0,0
"Near Junctions and Bus Stands: Parking within 8 meters of major intersections like Khanduji Baba Chowk, Goodluck Chowk, or near the Deccan PMPML Bus Depot/Riverbed area is illegal.",Deccan Traffic Division,Both,1,1,0,0,0,0,0,0,180,Deccan Traffic Yard,0,0,0,1,0,1
"The Riverbed Road: While parts are used for parking, parking haphazardly or leaving abandoned vehicles near the Kakasaheb Gadgil Bridge (Z-Bridge area) can result in nighttime sweeps by the traffic police.",Deccan Traffic Division,Both,0,0,0,0,0,0,0,0,205,Deccan Traffic Yard,0,0,0,0,0,0
Footpaths and Cycle Tracks: Any vehicle parked on or encroaching onto a pedestrian footpath or designated cycle track on FC/JM road will be towed immediately.,Deccan Traffic Division,Both,0,0,0,1,0,1,0,0,158,Deccan Traffic Yard,0,0,0,0,0,1
The District Court & PMC Metro Station Area: The entire periphery around the Pune District Court and the Pune Municipal Corporation (PMC) building is a zero-tolerance zone.,Shivajinagar Traffic Division,Odd,0,0,0,0,0,0,1,1,172,Shivajinagar Traffic Yard,0,0,0,0,0,1
Old Mumbai-Pune Highway Stretch (Wakdewadi): The stretch from (COEP) Tech University flyover down through Wakdewadi towards Khadki,Shivajinagar Traffic Division,Even,0,0,1,0,0,1,0,0,130,Shivajinagar Traffic Yard,0,0,0,0,0,1
Modern College Road: The lane leading from Jansanchar Chowk to Modern College faces severe bottlenecks due to students and shoppers.,Shivajinagar Traffic Division,Both,1,0,0,0,0,0,1,0,132,Shivajinagar Traffic Yard,1,0,0,0,0,0
Simla Office Chowk & University Road (Ganeshkhind Road): The areas surrounding the Simla Office (IMD Pune),Shivajinagar Traffic Division,Both,1,0,0,0,0,0,0,0,106,Shivajinagar Traffic Yard,0,0,0,0,0,0
Shivajinagar Railway Station & ST Bus Stand Periphery:,Shivajinagar Traffic Division,Both,0,1,0,0,0,0,1,0,54,Shivajinagar Traffic Yard,0,1,0,0,0,0
Shivaji Road (Core Stretches): Most of the central stretch of Shivaji Road enforces a strict No Parking and No Halting restriction to prevent bottlenecks.,Faraskhana Traffic Division,Odd,0,0,0,0,0,0,0,1,154,Faraskhana Traffic Yard,0,0,1,0,0,1
"P1/P2 two-wheeler parking is occasionally permitted on specific segments (e.g., portions between Maharashtra Tea Depot to Mumbai Tea Depot, and Rameshwar Chowk to Gotirambhaiyya Chowk),",Faraskhana Traffic Division,Even,1,0,0,0,0,0,0,0,185,Faraskhana Traffic Yard,0,0,0,0,0,0
Juna Bazaar Area: The entire stretch between Juna Bazaar Chowk and Kumbharve Chowk is a designated permanent No-Parking zone,Faraskhana Traffic Division,Both,1,0,0,0,0,0,0,1,124,Faraskhana Traffic Yard,0,0,1,0,1,1
"Dagdusheth Halwai Ganpati Temple Vicinity: Due to extremely high security protocols and massive pedestrian crowds, parking is strictly banned on the immediate roads surrounding the temple and the Faraskhana Police Station",Faraskhana Traffic Division,Both,0,0,0,0,0,0,1,1,221,Faraskhana Traffic Yard,0,0,0,0,0,1
"Laxmi Road Intersection Corners: No parking is allowed within 50 meters of major busy junctions such as Dulya Maruti Chowk and Hamjekhan Chowk to prevent bottlenecking,",Faraskhana Traffic Division,Both,1,0,0,0,0,0,0,0,168,Faraskhana Traffic Yard,0,0,1,1,0,0
"Bajirao Road (Core Stretch): From Puram Chowk all the way to Shaniwar Wada, parking is strictly prohibited on the main thoroughfare to keep the northbound traffic flowing.",Vishrambaug Traffic Division,Odd,1,0,0,0,0,0,0,1,171,Vishrambaug Traffic Yard,0,0,0,0,0,1
"Tilak Road (Specific Segments): No parking is allowed near major junctions, including Alka Talkies Chowk and the corners of S.P. College.",Vishrambaug Traffic Division,Even,1,0,0,0,0,0,1,0,137,Vishrambaug Traffic Yard,0,0,1,0,0,0
Appa Balwant Chowk (ABC) to Narayan Peth: The roads around ABC (famed for bookshops) are notorious bottlenecks. Parking four-wheelers is strictly banned,Vishrambaug Traffic Division,Both,1,0,0,0,0,0,0,1,152,Vishrambaug Traffic Yard,0,0,0,0,0,1
Kumthekar Road & Kelkar Road: These lanes are extremely narrow. Parking four-wheelers on either side of these roads is almost completely banned to avoid choking the lanes,Vishrambaug Traffic Division,Both,0,0,0,0,0,0,0,1,170,Vishrambaug Traffic Yard,1,0,0,0,0,1
"Parking is permanently banned within 50 meters of all major chowks - Alka Talkies Chowk, Tilak Chowk, Perugate Chowk, Shanipar Chowk",Vishrambaug Traffic Division,Both,1,0,0,0,0,0,0,1,132,Vishrambaug Traffic Yard,0,0,0,1,0,1
"Huzurpaga School, S.P. College, and N.M.V. High School are designated No Parking / No Halting zon",Vishrambaug Traffic Division,Both,0,0,0,0,0,0,1,0,97,Vishrambaug Traffic Yard,0,0,1,0,0,0
Frontage of Historical Wadas: Parking directly in front of the entry gates of heritage structures (like Vishrambaug Wada itself and Shaniwar Wada) is restricted for security and administrative movement,Vishrambaug Traffic Division,Both,0,0,0,0,0,0,0,1,201,Vishrambaug Traffic Yard,0,0,0,0,0,1
"Most secondary lanes inside Sadashiv Peth, Narayan Peth, and Shaniwar Peth operate on an Odd/Even (P1/P2) date system for two-wheelers.",Vishrambaug Traffic Division,Both,0,0,0,0,0,0,0,0,135,Vishrambaug Traffic Yard,1,0,0,0,0,0
"Swargate ST Stand Perimeter (Jedhe Chowk): Parking or waiting anywhere along the outer boundary walls, exit gates, and entry gates of the main MSRTC Bus Stand is strictly banned",Swargate Traffic Division,Odd,1,1,0,0,0,0,0,1,176,Swargate Traffic Yard,0,0,0,0,0,1
"Satara Road (Core Stretch): From Jedhe Chowk up to Voltas House / Laxmi Narayan Theatre Chowk, parking four-wheelers or two-wheelers on the main road is completely prohibited.",Swargate Traffic Division,Even,1,0,0,0,0,0,0,1,175,Swargate Traffic Yard,0,0,0,0,0,1
Shankar Sheth Road: The stretch leading from Swargate toward Seven Loves Chowk is a zero-tolerance zone.,Swargate Traffic Division,Both,1,0,0,0,0,1,0,1,104,Swargate Traffic Yard,0,0,0,0,0,1
Shivaji Road (Swargate Side): The beginning stretch from Swargate leading toward Saras Baug and Hirabaug must remain clear of parked vehicles on both sides of the main thoroughfare.,Swargate Traffic Division,Both,0,0,0,0,1,1,0,0,181,Swargate Traffic Yard,0,0,0,0,0,1
"Below and On the Swargate Flyovers / Grade Separator: Parking underneath the flyovers, inside the junctions, or anywhere near the entry/exit ramps of the grade separator is strictly illegal",Swargate Traffic Division,Both,1,0,0,0,0,0,0,1,189,Swargate Traffic Yard,0,0,0,0,0,1
"No vehicles are allowed to park within 50 meters of major Chowk - Jedhe Chowk (Swargate Junction), Mitra Mandal Chowk, Laxmi Narayan Chowk, Voltas Chowk",Swargate Traffic Division,Both,1,0,0,0,0,0,0,0,152,Swargate Traffic Yard,0,0,0,1,0,0
Saras Baug & Sanas Ground Perimeter: Parking directly on the main road outside the gates of Saras Baug or Peshwe Park is banned.,Swargate Traffic Division,Both,0,0,0,0,0,0,0,1,128,Swargate Traffic Yard,0,0,0,0,0,1
"Market Yard Main Gate & Outer Perimeter (Gultekdi Road): Parking or waiting anywhere along the outer walls, entry gates, and exit gates of the main APMC wholesale market is strictly banned",Market Yard (Gultekdi) Traffic Division,Odd,0,0,0,0,0,0,1,1,188,Market Yard (Gultekdi) Traffic Yard,0,0,0,0,1,1
"Chhatrapati Shivaji Market Yard Inner Connecting Roads: Parking commercial vehicles, tempos, or private cars on the internal thoroughfares (away from designated loading bays) is prohibited.",Market Yard (Gultekdi) Traffic Division,Even,0,0,0,0,0,0,1,1,189,Market Yard (Gultekdi) Traffic Yard,0,0,0,0,1,1
The Stretch between Maharashtra Warehousing Corporation Chowk and Utsav Chowk: This is a heavily monitored bottleneck corridor. Parking vehicles on the roadside along this entire stretch is permanently restricted,Market Yard (Gultekdi) Traffic Division,Both,1,0,0,0,0,0,0,1,212,Market Yard (Gultekdi) Traffic Yard,0,0,0,0,0,1
Flower Market (Phool Bazar) & Fruit Market Gate Perimeter: No unauthorized parking is permitted on the approach roads,Market Yard (Gultekdi) Traffic Division,Both,0,0,0,0,0,0,1,0,117,Market Yard (Gultekdi) Traffic Yard,0,0,0,0,1,0
"No vehicles are allowed to park within 50 meters of major Chowk - Utsav Chowk, Chhatrapati Shivaji Maharaj Putla Chowk (Market Yard), Aaiji Chogan Chowk, Gangadham Chowk (especially the heavy-traffic junctions leading toward Bibwewadi and Kondhwa)",Market Yard (Gultekdi) Traffic Division,Both,1,0,0,0,0,1,1,0,247,Market Yard (Gultekdi) Traffic Yard,0,0,0,1,1,1
Salisbury Park & Maharshi Nagar Connecting Roads: The primary avenues connecting Market Yard to Maharshi Nagar feature strict P1 / P2 (Odd / Even date) alternating parking rules for cars and two-wheelers.,Market Yard (Gultekdi) Traffic Division,Both,0,0,0,0,0,0,1,1,204,Market Yard (Gultekdi) Traffic Yard,0,1,0,0,1,1
"Pune-Satara Road (Border Stretch): On the main thoroughfare from Dhankawadi / Balaji Nagar up toward Laxmi Narayan Chowk, parking any private four-wheeler or two-wheeler on the roadside is strictly prohibited.",Sahakarnagar Traffic Division,Odd,1,0,0,0,0,1,0,1,209,Sahakarnagar Traffic Yard,0,1,0,0,0,1
Aranyeshwar Road: Parking is strictly prohibited around major choke points on Aranyeshwar Road,Sahakarnagar Traffic Division,Even,0,0,0,0,0,0,0,1,94,Sahakarnagar Traffic Yard,0,0,0,0,0,1
"Sahakarnagar Main Road (Near Commercial Clusters): The core avenue passing near popular local cafes, banks, and commercial establishments enforces strict temporary and permanent no-parking",Sahakarnagar Traffic Division,Both,0,0,0,0,0,0,0,1,188,Sahakarnagar Traffic Yard,0,1,1,0,0,1
"The P1 / P2 Alternating System: Much like the core city areas, many internal residential and commercial cross-lanes in Tulshibagwale Colony, Walvekar Nagar, and Padmadarshan Society operate on an Odd/Even date system (P1/P2).",Sahakarnagar Traffic Division,Both,0,0,0,0,0,0,0,0,225,Sahakarnagar Traffic Yard,1,1,0,0,0,0
"No vehicles are allowed to park within 50 meters of major Chowk - Chhatrapati Shahu Maharaj Chowk,Mitra Mandal Chowk (bordering Sahakarnagar and Parvati), Gajanan Maharaj Temple Chowk area road margins",Sahakarnagar Traffic Division,Both,1,0,0,0,0,0,1,0,201,Sahakarnagar Traffic Yard,0,1,0,1,0,0
"Taljai Hills Approach Roads: Parking on the direct approach curves and narrow entry pathways leading up to the Taljai Forest Reserve area is restricted,",Sahakarnagar Traffic Division,Both,0,0,0,0,0,0,0,1,152,Sahakarnagar Traffic Yard,1,0,0,0,0,1
School Perimeter Zones: Roads outside major academic institutions in the area have designated No Halting / No Parking,Sahakarnagar Traffic Division,Both,0,0,0,0,0,0,1,0,117,Sahakarnagar Traffic Yard,0,0,1,0,0,0
"Pune-Bangalore Highway (NH-48 Bypass / Service Roads): Parking of heavy goods trucks, tempos, or private vehicles on both the main lanes and the service roads along the bypass (especially near Navale Bridge, Katraj Ghat approach, and toward Punawale/Wakad) is strictly prohibited.",Katraj Traffic Division,Odd,0,0,1,0,0,1,0,1,280,Katraj Traffic Yard,1,0,0,0,0,1
Pune-Satara Road (Katraj Stretch): The main thoroughfare leading from Balaji Nagar/Dhankawadi up to Katraj Chowk is a dedicated mobility corridor where roadside parking of four-wheelers is permanently banned.,Katraj Traffic Division,Even,1,0,0,0,0,0,0,1,208,Katraj Traffic Yard,0,1,0,0,0,1
"Katraj-Kondhwa Road: Due to the narrow, heavily congested nature of this connecting link, parking on either side of the road from Katraj Chowk toward Gokul Nagar and Rajas Society is prohibited.",Katraj Traffic Division,Both,1,0,0,0,0,1,0,1,194,Katraj Traffic Yard,1,1,0,0,0,1
"Katraj Junction (Jedhe Chowk / Katraj Chowk Hub): The entire radius surrounding Katraj Chowk, the MSRTC Bus Stand entry/exit, and the PMPML bus depot is a strict No Halting / No Parking zone.",Katraj Traffic Division,Both,1,1,0,0,0,0,0,1,191,Katraj Traffic Yard,0,0,1,0,0,1
"Trimurti Chowk to Durgamata Temple: Located right behind the Bharati Vidyapeeth campus area (near Patang Plaza), this stretch is designated a permanent no-parking zone",Katraj Traffic Division,Both,1,0,0,0,0,0,1,1,167,Katraj Traffic Yard,0,0,1,0,0,1
"Rajiv Gandhi Zoological Park (Katraj Zoo) Perimeter: On weekends and holidays, parking directly on the main Satara road outside the zoo gates is strictly banned.",Katraj Traffic Division,Both,0,0,0,0,0,0,0,1,161,Katraj Traffic Yard,0,0,0,0,0,1
"No vehicles are allowed to park within 50 meters of major Chowk - Trimurti Chowk, Mahesh Society Chowk, and Dolphin Chowk.",Katraj Traffic Division,Both,1,0,0,0,0,0,0,0,122,Katraj Traffic Yard,0,1,0,1,0,0
Rajaram Bridge to Fun Time Multiplex Stretch: This is the most critical bottleneck on Sinhagad Road. Parking any private four-wheeler or two-wheeler on the main carriageway along this entire stretch is strictly banned,Sinhagad Road Traffic Division,Odd,0,0,0,0,0,0,0,1,217,Sinhagad Road Traffic Yard,0,0,0,0,0,1
Abhiruchi Mall & Multiplex Perimeter: Parking on the main Sinhagad Road or on the immediate approach lanes outside the entrance/exit gates of Abhiruchi Mall is entirely prohibited.,Sinhagad Road Traffic Division,Even,0,0,0,0,0,0,1,1,180,Sinhagad Road Traffic Yard,1,0,0,0,1,1
Dhayari Phata Junction: The intersection where Dhayari Road meets Sinhagad Road is highly prone to gridlock. Roadside parking or halting for passengers/loading within this immediate junction is banned,Sinhagad Road Traffic Division,Both,1,0,0,0,0,0,0,1,200,Sinhagad Road Traffic Yard,0,0,0,0,0,1
"No vehicles are allowed to park within 50 meters of major Chowk - Pu. La. Deshpande Udyan (Okayama Garden) Junction, Santosh Hall Chowk, Manikbaug Chowk, Vadgaon Phata / Katraj-Dehu Road Bypass Chowk (especially around the highway flyover entry/exit ramps where heavy vehicles merge)",Sinhagad Road Traffic Division,Both,1,0,1,0,0,0,0,0,283,Sinhagad Road Traffic Yard,0,0,0,1,0,0
Hingane Khurd and Anandnagar Internal Roads: Many of the busy internal lanes connecting to residential societies feature alternating P1 / P2 (Odd / Even date) parking layouts.,Sinhagad Road Traffic Division,Both,0,0,0,0,0,0,0,0,175,Sinhagad Road Traffic Yard,1,1,0,0,0,0
"Sun City Road: While wider than some lanes, specific busy commercial segments of Sun City Road enforce No-Parking zones to prevent parallel double-parking outside local retail shops and eateries",Sinhagad Road Traffic Division,Both,0,0,0,0,0,0,0,0,194,Sinhagad Road Traffic Yard,1,0,1,0,0,0
"Karve Road (Core Stretch): As the primary lifeline connecting Kothrud to the central city, roadside parking is strictly banned on the main thoroughfare from Deccan/Nal Stop all the way up to Karve Putla Chowk.",Kothrud Traffic Division,Odd,1,0,0,0,0,0,0,1,209,Kothrud Traffic Yard,0,0,0,0,0,1
"Paud Road (Flyover & Metro Corridor): With the high volume of traffic running along the Metro line, parking is prohibited on the main lanes of Paud Road, especially from Paud Phata to Vanaz Corner.",Kothrud Traffic Division,Even,0,0,0,0,0,0,0,1,197,Kothrud Traffic Yard,1,0,0,0,0,1
Kothrud DP Road (Rambaug Colony to Mhatre Bridge): This highly commercialized street is lined with restaurants and retail stores. Parking on the road margins outside designated bays is banned.,Kothrud Traffic Division,Both,0,0,0,0,0,0,0,1,192,Kothrud Traffic Yard,0,1,0,0,0,1
"Mayur Colony & Ideal Colony Main Roads: Due to heavy local commuting and coaching class traffic, the primary connecting avenues in these colonies maintain permanent No-Parking restrictions.",Kothrud Traffic Division,Both,0,0,0,0,0,0,0,1,189,Kothrud Traffic Yard,0,1,1,0,0,1
MIT College Road (Rambaug Colony): The stretch leading to and directly outside the MIT WPU Campus is a strict zero-tolerance zone.,Kothrud Traffic Division,Both,0,0,0,0,0,0,1,1,130,Kothrud Traffic Yard,0,1,0,0,0,1
"No vehicles are allowed to park within 50 meters of major Chowk - Nal Stop Junction (especially near the flyover ramps), Karve Putla Chowk, Chandni Chowk Approach Lanes (under the new multi-tier flyover system), Ashish Garden Chowk",Kothrud Traffic Division,Both,1,0,0,0,0,0,0,0,231,Kothrud Traffic Yard,1,0,0,1,0,0
"Many of the busy internal lanes inside Dahanukar Colony, Mahatma Society, and Bhusari Colony operate on the alternating Odd/Even date system (P1/P2).",Kothrud Traffic Division,Both,0,0,0,0,0,0,0,0,149,Kothrud Traffic Yard,1,1,0,0,0,0
Pune-Solapur Road (Core Hadapsar Stretch): Roadside parking for all private four-wheelers and two-wheelers is strictly banned on the main thoroughfare from Ravi Darshan Society / Akashwani Kendra Chowk all the way to Hadapsar Gadital (Bus Stand).,Hadapsar Traffic Division,Odd,1,1,0,0,0,0,0,1,246,Hadapsar Traffic Yard,0,1,0,0,0,1
"Hadapsar Gadital (ST & PMPML Bus Stand Perimeter): The entire circle and approach margins surrounding the Gadital flyover, the state transport bus stand, and the local PMPML terminal are high-enforcement No Halting / No Parking zones.",Hadapsar Traffic Division,Even,0,1,0,0,0,0,0,0,234,Hadapsar Traffic Yard,0,0,1,0,0,0
"Saswad Road (Gadital to Fursungi Approach): The initial stretch of Saswad Road, especially near the railway flyover bottleneck, is a strict no-parking zone",Hadapsar Traffic Division,Both,0,0,0,0,0,0,0,1,155,Hadapsar Traffic Yard,0,0,1,0,0,1
"No vehicles are allowed to park within 50 meters of major Chowk - Magarpatta Main Chowk (on the Solapur Road junction), Vaibhav Cinema Chowk (highly congested commercial retail pocket), Noble Hospital Junction (the surrounding approach roads must remain clear for emergency ambulance movement), Manjari Phata / Shewalewadi Chowk",Hadapsar Traffic Division,Both,1,0,0,0,0,0,1,0,328,Hadapsar Traffic Yard,0,0,0,1,0,0
"Ganeshkhind Road (University Road): Due to the continuous movement of VIP convoys toward the Raj Bhavan, the proximity to Savitribai Phule Pune University (SPPU), and massive Metro/flyover construction, the entire stretch from Shimla Office Chowk / Sancheti up to the University Chowk is a zero-tolerance No Parking and No Halting zone.",Chaturshringi Traffic Division,Odd,1,0,0,0,0,1,0,1,336,Chaturshringi Traffic Yard,0,0,1,0,0,1
"Baner Road (The Entire Stretch): Following systemic traffic restructuring to curb massive commercial bottlenecks, the major stretch of Baner Road (from Yashada till the Sadanand Hotel/National Highway bypass) is designated a permanent No-Parking zone.",Chaturshringi Traffic Division,Even,0,0,1,0,0,0,0,1,251,Chaturshringi Traffic Yard,0,0,1,0,0,1
Senapati Bapat (SB) Road: Parking four-wheelers on the main carriageway from Deccan Gymkhana / ICC Trade Tower margins all the way to University Circle is banned.,Chaturshringi Traffic Division,Both,0,0,0,0,0,1,0,1,162,Chaturshringi Traffic Yard,0,0,0,0,0,1
"Chaturshringi Temple Perimeter (SB Road): The immediate approach roads, exit gates, and main thoroughfare outside the historical Chaturshringi Mata Temple are strict No-Parking zones.",Chaturshringi Traffic Division,Both,0,0,0,0,0,0,1,1,183,Chaturshringi Traffic Yard,0,0,1,0,0,1
SPPU (Pune University) Main Gate & Boundary Walls: Parking or long-term halting of private vehicles and tourist cabs outside the university main gate or along the outer boundary walls on Aundh/Ganeshkhind road is completely illegal.,Chaturshringi Traffic Division,Both,0,0,0,0,0,0,0,0,232,Chaturshringi Traffic Yard,0,0,0,0,0,0
"No vehicles are allowed to park within 50 meters of major Chowk - University Chowk (SPPU Circle), Abhimanshree Society Chowk (on Pashan Road), Breman Chowk / Body Gate Chowk (Aundh), Deep Bangla Chowk (bordering Model Colony/Shivajinagar), Baner Phata Junction",Chaturshringi Traffic Division,Both,1,0,0,0,0,0,0,0,260,Chaturshringi Traffic Yard,0,1,0,1,0,0
"Pune-Ahmednagar Road (Nagar Road Spine): Roadside parking for private four-wheelers, cabs, and two-wheelers is strictly prohibited on the main lanes of Nagar Road",Yerwada Traffic Division,Odd,0,0,0,0,0,0,0,1,162,Yerwada Traffic Yard,1,1,0,0,0,1
Airport Road (Jail Road Stretch): The stretch running parallel to the high security Yerwada Central Jail boundary walls is a strict zero-tolerance No-Parking zone.,Yerwada Traffic Division,Even,0,0,0,0,0,0,0,1,163,Yerwada Traffic Yard,0,0,1,0,0,1
Golf Club Road & Loop Road: Parking on the main thoroughfare around the Poona Golf Course and the loop road connecting toward Shastri Nagar is banned,Yerwada Traffic Division,Both,0,0,0,0,0,1,0,1,149,Yerwada Traffic Yard,0,1,0,0,0,1
"No vehicles are allowed to park within 50 meters of major Chowk - Gunjan Chowk (One of the most heavily congested intersections in the zone), Shastri Nagar Chowk, Mental Hospital Corner Chowk (Alendi Road / Nagar Road junction), Golf Club Chowk",Yerwada Traffic Division,Both,1,0,0,0,0,0,1,0,244,Yerwada Traffic Yard,0,1,0,1,0,0
"D-Mart Lane & IT Park Approach Roads (Kalyani Nagar / Yerwada Border): The Yerwada traffic division has initiated aggressive enforcement drives on the lanes leading to IT centers and retail landmarks like D-Mart. Long-standing parking of tourist cabs, taxis, and employee vehicles on these roads is strictly banned",Yerwada Traffic Division,Both,0,0,0,0,0,0,0,1,314,Yerwada Traffic Yard,1,1,0,0,0,1
"Main Commercial Road Margins: Haphazard roadside parking directly outside corporate parks, local food clusters, and transit corridors under the division is banned",Yerwada Traffic Division,Both,0,0,0,0,0,0,0,1,162,Yerwada Traffic Yard,0,0,0,0,0,1
"Pune Railway Station Perimeter & Sasoon Road: Parking or unauthorized idling of private cars, auto-rickshaws, and cabs outside the main railway station entry/exit gates, the ST bus stand, or along Sasoon Road is completely banned.",Bundgarden Traffic Division,Odd,0,1,0,0,0,0,1,1,230,Bundgarden Traffic Yard,0,0,0,0,0,1
Bund Garden Road (Main Spine): Roadside parking on the main lanes stretching from Yerwada Bridge (Sangamwadi side) past the Council Hall/Collector Office up to Jehangir Hospital is strictly prohibited,Bundgarden Traffic Division,Even,0,0,0,0,0,0,1,1,200,Bundgarden Traffic Yard,1,0,0,0,0,1
"Council Hall & New Collector Office Perimeter: Due to administrative security and frequent VIP visits, the entire road boundary wrapping around the Council Hall, Divisional Commissioner's Office, and the New Collector Office complex enforces a strict No Halting / No Parking rule.",Bundgarden Traffic Division,Both,0,0,0,0,0,0,0,1,280,Bundgarden Traffic Yard,0,0,1,0,0,1
"No vehicles are allowed to park within 50 meters of major Chowk - Sadhu Vaswani Chowk (Near Alpa Bachat Bhavan), Jehangir Hospital / Sancheti Corner Junction, GPO Chowk (General Post Office), Maldhakka Chowk, Blue Diamond Chowk (leading into Koregaon Park)",Bundgarden Traffic Division,Both,1,0,0,0,0,0,1,0,256,Bundgarden Traffic Yard,0,0,0,1,0,0
"Dhole Patil Road & Connaught Road: Being dense retail and lifestyle lanes, parallel double-parking is strictly prohibited.",Bundgarden Traffic Division,Both,0,0,0,0,0,0,0,1,122,Bundgarden Traffic Yard,1,0,0,0,0,1
Tadiwala Road Approach: The entry points connecting Tadiwala Road to the main station lanes are permanent No-Parking zones,Bundgarden Traffic Division,Both,0,0,0,0,0,0,1,1,122,Bundgarden Traffic Yard,1,0,1,0,0,1
"Mumbai-Bangalore Highway (NH-48 Bypass Service Roads): Parking of private tourist buses, luxury travel buses, local cabs, and commercial delivery vehicles along the service roads near the Warje Flyover (both sides) is strictly banned.",Warje Malwadi Traffic Division,Odd,0,0,1,0,1,0,0,1,234,Warje Malwadi Traffic Yard,0,0,0,0,0,1
Underneath the Warje Flyover: Parking or long-term vehicle idling beneath the main highway flyover structure is prohibited for safety and to maintain uninterrupted lane entry/exit dynamics,Warje Malwadi Traffic Division,Even,0,0,1,0,0,0,0,1,188,Warje Malwadi Traffic Yard,1,0,0,0,0,1
Karve Road (Warje Bridge Approach): The initial stretch starting from the Warje Bridge leading toward Karve Putla is classified as a dedicated mobility corridor. Roadside parallel parking of four-wheelers here is completely restricted.,Warje Malwadi Traffic Division,Both,0,0,0,0,0,1,0,1,235,Warje Malwadi Traffic Yard,0,0,0,0,0,1
Warje Malwadi Main Road (Near the Market Pockets): Parking four-wheelers on the narrow margins of the main Malwadi market lane is entirely banned during business hours.,Warje Malwadi Traffic Division,Both,0,0,0,0,0,0,1,1,168,Warje Malwadi Traffic Yard,1,0,0,0,1,1
"No vehicles are allowed to park within 50 meters of major Chowk - Warje Naka Chowk, Mai Mangeshkar Hospital Junction (Approach roads must strictly remain unblocked for ambulances), Ganpati Matha Chowk, Tapodham Chowk",Warje Malwadi Traffic Division,Both,1,0,0,0,0,0,1,1,216,Warje Malwadi Traffic Yard,0,0,0,1,0,1
Sai Chowk (New Sangavi): The absolute busiest node; parking anywhere near the main junction or blocking the approaches toward the Sangavi Police Station is strictly prohibited.,Sangavi Traffic Division,Odd,1,0,0,0,0,1,1,1,176,Sangavi Traffic Yard,0,0,0,0,0,1
Shitole Nagar Chowk / Shitole Road Corner: Heavy commercial activities mean parking on the main road shoulders is restricted to prevent double-parking.,Sangavi Traffic Division,Even,1,0,0,0,0,0,0,1,151,Sangavi Traffic Yard,0,1,0,0,0,1
Famous Chowk (New Sangavi): Heavily monitored due to high pedestrian movement and narrow turning radii.,Sangavi Traffic Division,Both,1,0,0,0,0,0,0,0,103,Sangavi Traffic Yard,1,0,0,0,0,0
Krushna Chowk & Kalpataru Chowk (Pimple Gurav border): Parking around the entry/exit paths of these busy circles is a towing zone.,Sangavi Traffic Division,Both,1,0,0,0,0,1,0,0,130,Sangavi Traffic Yard,0,0,0,0,0,1
"Sangvi–Kiwale BRTS Corridor (Service Roads): Parking private vehicles, two-wheelers, or loading vehicles along the BRTS service roads",Sangavi Traffic Division,Both,0,0,0,0,0,0,0,0,133,Sangavi Traffic Yard,0,0,0,0,0,0
"PWD Road / PWD Colony Main Road: Because these lanes lead into dense residential sectors and administrative zones, parking on either side of the primary PWD arterial road is banned.",Sangavi Traffic Division,Both,0,0,0,0,0,0,0,1,181,Sangavi Traffic Yard,1,1,0,0,0,1
"Shirode Road: Running from Sai Chowk, this stretch is strictly monitored for double-row parking.",Sangavi Traffic Division,Both,1,0,0,0,0,0,0,1,96,Sangavi Traffic Yard,0,0,0,0,0,1
"Nigdi Bhakti-Shakti Chowk: The most sensitive traffic node. Parking anywhere near the flyover ramps, the main circle,",Nigdi Traffic Division,Odd,1,0,0,0,0,0,0,0,117,Nigdi Traffic Yard,0,0,0,0,0,0
Madhavrao Peshwe Chowk (Nigdi Pradhikaran): Highly monitored to keep local Pradhikaran internal traffic moving smoothly.,Nigdi Traffic Division,Even,1,0,0,0,0,0,0,0,120,Nigdi Traffic Yard,0,0,0,0,0,0
Bhel Chowk: The commercial heart of Pradhikaran. Double-row parking on the approaches to this junction is strictly banned.,Nigdi Traffic Division,Both,1,0,0,0,0,0,0,1,122,Nigdi Traffic Yard,0,0,0,0,0,1
Ankushrao Landge Auditorium Junction: Parking directly on the main road outside the auditorium complex during events is disallowed.,Nigdi Traffic Division,Both,1,0,0,0,0,0,0,0,131,Nigdi Traffic Yard,0,0,0,0,0,0
Old Pune-Mumbai Highway Stretches (Nigdi Section): Parking on the main highway shoulders or blocking the service roads near Nigdi is completely illegal.,Nigdi Traffic Division,Both,0,0,1,0,0,0,0,0,152,Nigdi Traffic Yard,0,0,0,0,0,0
BRTS Corridor & Service Lanes: The dedicated bus lanes and adjacent service roads leading toward the Nigdi Bus Depot are strict zero-tolerance zones for private vehicle parking.,Nigdi Traffic Division,Both,0,1,0,0,0,1,0,1,177,Nigdi Traffic Yard,1,0,0,0,0,1
"Spine Road (Nigdi Stretches): Due to high heavy-vehicle and commuter movement, parking along the road margins is banned.",Nigdi Traffic Division,Both,0,0,0,0,0,0,0,1,120,Nigdi Traffic Yard,0,0,0,0,0,1
"Appu Ghar & Durga Devi Park Entrances: On weekends and holidays, the access roads leading directly to these major recreational spots are heavily patrolled by towing vans.",Nigdi Traffic Division,Both,0,0,0,0,0,1,0,0,170,Nigdi Traffic Yard,0,0,0,0,0,1
"Nigdi Bus Depot / PMPML Depot Surroundings: The entire perimeter of the main bus terminal is a ""No Parking"" zone to allow buses to turn safely.",Nigdi Traffic Division,Both,0,1,0,0,0,0,0,0,143,Nigdi Traffic Yard,0,0,1,0,0,0
"Pune-Nashik Highway (NH-60 - Bhosari Stretch): Parking private vehicles, two-wheelers, or commercial vehicles on the main highway lanes or ramps is completely prohibited.",Bhosari Traffic Division,Odd,0,0,1,0,0,0,0,1,170,Bhosari Traffic Yard,1,0,0,0,0,1
Old Pune-Mumbai Highway (Kasarwadi/Phugewadi border stretches): The long-standing statutory no-parking orders remain fully active on the main highway,Bhosari Traffic Division,Even,0,0,1,0,0,0,0,0,149,Bhosari Traffic Yard,0,0,1,0,0,0
"Bhosari-Alandi Road: This stretch is subject to intense monitoring. While alternate day (P-1/P-2) parking signs exist on certain commercial pockets, parking anywhere near the newly constructed four-storey multi-level parking",Bhosari Traffic Division,Both,0,0,0,0,0,0,0,0,224,Bhosari Traffic Yard,0,0,0,0,0,0
"No vehicles are allowed to park within 50 meters of major Chowk - Bhosari Alandi Road Chowk, Vishweshwar Chowk (Bhosari MIDC Road), Landewadi Chowk, Nashik Phata Junction (CIRT/Bhosari Border",Bhosari Traffic Division,Both,1,0,0,0,0,0,0,0,191,Bhosari Traffic Yard,0,0,0,1,0,0
"Telco Road & MIDC Connecting Lanes: While short-term loading is permitted in designated factory bays, leaving unattended private vehicles or scrap vehicles on the main arterial roads of Bhosari MIDC is a major violation.",Bhosari Traffic Division,Both,0,0,0,0,0,0,0,0,220,Bhosari Traffic Yard,1,0,0,0,0,0
"In front of Emergency & Public Entrances: Parking that blocks the entrances of local administrative offices, PCMC schools, or emergency care hospitals anywhere in Bhosari Colony will trigger an immediate towing response.",Bhosari Traffic Division,Both,0,0,0,0,0,1,1,0,220,Bhosari Traffic Yard,0,1,0,0,0,1
Shagun Chowk to Sai Chowk Stretches: No unauthorized parking is allowed along the primary retail market corridor.,Pimpri Traffic Division,Odd,1,0,0,0,0,0,1,0,113,Pimpri Traffic Yard,0,0,0,0,1,0
Arya Samaj Road & Cloth Market Lanes: These narrow lanes are highly restricted; vehicles blocking the flow of goods or pedestrian shoppers are immediately towed.,Pimpri Traffic Division,Even,0,0,0,0,0,1,1,1,161,Pimpri Traffic Yard,1,0,0,0,1,1
Pimpri Station Road (Near Laxmi Building market area): No parallel or unorganized parking is permitted on the approach lanes to the station market.,Pimpri Traffic Division,Both,0,0,0,0,0,0,1,0,147,Pimpri Traffic Yard,1,0,0,0,1,0
"No vehicles are allowed to park within 50 meters of major Chowk - Ambedkar Chowk (Pimpri Chowk), YCM Hospital Junction, Empire Estate Flyover Landing Zones, Dr. Babasaheb Ambedkar Bridge (Pimpri-Chinchwad Link Road)",Pimpri Traffic Division,Both,1,0,0,0,0,0,1,0,215,Pimpri Traffic Yard,0,0,0,1,0,0
Old Pune-Mumbai Highway (Pimpri Section): Private vehicles are strictly banned from parking on the main highway shoulders or blocking the access points near the Pimpri Metro Station.,Pimpri Traffic Division,Both,0,0,1,0,0,0,1,1,182,Pimpri Traffic Yard,0,0,0,0,0,1
BRTS Service Lanes: Parking or stalling vehicles along the dedicated BRTS service roads is heavily penalized to ensure public buses run without delays.,Pimpri Traffic Division,Both,0,0,0,0,0,0,0,0,151,Pimpri Traffic Yard,1,0,0,0,0,0
Talegaon Station Road (Maruti Mandir to Station Area): The primary commercial spine. Stalling or unorganized parallel parking on the roadside is strictly prohibited,Talegaon Traffic Division,Odd,0,0,0,0,0,0,1,1,164,Talegaon Traffic Yard,0,0,0,0,0,1
Jijamata Chowk to Shivaji Chowk (Gaothan Area): These historic internal market stretches have zero tolerance for unauthorized four-wheeler parking due to severe bottlenecks.,Talegaon Traffic Division,Even,1,0,0,0,0,0,1,0,173,Talegaon Traffic Yard,0,0,0,0,1,0
Talegaon-Chakan Road (Market Pockets): Parking along the narrow shoulders near commercial blocks and local electronics/cloth markets is actively penalized by patrolling towing squads.,Talegaon Traffic Division,Both,0,0,0,0,0,1,1,0,183,Talegaon Traffic Yard,1,0,0,0,1,1
"No vehicles are allowed to park within 50 meters of major Chowk - Yashwant Nagar Chowk, Manohar Nagar Bend / Chowk, Talegaon Flyover Ramps & Approaches, Somatane Phata Junction (Highway Entry/Exit)",Talegaon Traffic Division,Both,1,0,1,0,0,0,0,0,197,Talegaon Traffic Yard,0,1,0,1,0,0
Indrayani College Road Stretches: Parking that blocks the main thoroughfare outside the major campus gates,Talegaon Traffic Division,Both,0,0,0,0,0,0,1,0,106,Talegaon Traffic Yard,0,0,0,0,0,0
Nutan Maharashtra Institute (NMIET) / Local School Frontages: Access roads directly outside these institutions are designated clear zones during school/college hours.,Talegaon Traffic Division,Both,0,0,0,0,0,0,1,0,166,Talegaon Traffic Yard,0,0,0,0,0,0
"Talegaon Railway Station Perimeter: Parking private vehicles outside the designated civic pay-and-park lots, or blocking the entry/exit bays meant for local auto-rickshaws and PMPML buses, is a direct towing offence.",Talegaon Traffic Division,Both,0,1,0,0,0,1,1,0,216,Talegaon Traffic Yard,0,0,0,0,0,1
"Mumbai-Pune Highway (NH-48 - Wakad Stretch): Parking or halting on the main highway shoulders, service roads, or under-bridge passages near Wakad is completely illegal.",Wakad Traffic Division,Odd,0,0,1,0,0,0,0,0,168,Wakad Traffic Yard,0,0,0,0,0,0
Wakad-Bhosari BRTS Road: Vehicles parked along the margins or blocking the dedicated bus lane access routes face continuous action due to high heavy-vehicle traffic.,Wakad Traffic Division,Even,0,0,0,0,0,0,0,0,165,Wakad Traffic Yard,1,0,0,0,0,0
Datta Mandir Road: A heavily commercialized residential spine. Parallel or double-row parking outside supermarkets and commercial blocks is banned.,Wakad Traffic Division,Both,0,0,0,0,0,0,1,1,147,Wakad Traffic Yard,0,0,0,0,1,1
Kaspate Vasti Road: Monitored strictly during evening hours to ensure internal residential traffic can flow smoothly without roadside vehicle obstruction.,Wakad Traffic Division,Both,0,0,0,0,0,0,0,1,154,Wakad Traffic Yard,0,0,0,0,0,1
"No vehicles are allowed to park within 50 meters of major Chowk - Dange Chowk, Bhumkar Chowk, Kala Khadak Chowk & Hinjawadi Phata, Chhatrapati Shivaji Chowk (Wakad-Kaspate Vasti)",Wakad Traffic Division,Both,1,0,0,0,0,0,0,0,178,Wakad Traffic Yard,0,0,0,1,0,0
In front of Hospital & Emergency Entrances: Zero-tolerance enforcement applies to vehicle owners blocking the entrance or ambulance tracks of local healthcare hubs like Aditya Birla Memorial Hospital or nearby multi-specialty setups.,Wakad Traffic Division,Both,0,0,0,0,0,0,1,1,233,Wakad Traffic Yard,0,0,0,0,0,1
School Zones (Thergaon & Wakad borders): The approach roads to major educational institutions are designated clear-zones during morning and afternoon drop/pick-up hours.,Wakad Traffic Division,Both,0,0,0,0,0,0,1,0,169,Wakad Traffic Yard,0,0,0,0,0,0
"Hinjewadi Main Road (Phase 1 to Phase 3 Spine): Parking private cars, delivery vehicles, or two-wheelers on the shoulders of the primary connecting spine road is illegal.",Hinjewadi Traffic Division,Odd,0,0,0,0,0,0,0,0,170,Hinjewadi Traffic Yard,0,0,0,0,0,0
"Blue Ridge Approach Road: Due to dense residential clusters mixed with commercial storefronts, double-row parking here is strictly penalized.",Hinjewadi Traffic Division,Even,0,0,0,0,0,0,0,1,141,Hinjewadi Traffic Yard,0,0,0,0,0,1
"Marunji Road & Laxmi Chowk Connectors: These roads link Hinjewadi to the outer residential sectors. Because of narrow lane widths, roadside parking is prohibited to keep multi-axle corporate buses from getting stuck.",Hinjewadi Traffic Division,Both,1,0,0,0,0,0,0,1,216,Hinjewadi Traffic Yard,1,0,0,0,0,1
"Maan-Hinjewadi Link Road: Heavy vehicles and construction logistics frequently use this route, making shoulder-parking a direct hazard and a towing offense.",Hinjewadi Traffic Division,Both,0,0,0,0,0,1,0,0,156,Hinjewadi Traffic Yard,0,0,0,0,0,1
"No vehicles are allowed to park within 50 meters of major Chowk - Hinjewadi Shivaji Chowk, Bhumkar Chowk (Hinjewadi Side Approach), Wipro Circle (Phase 1), Geometric Circle (Phase 2), Megapolis Circle (Phase 3)",Hinjewadi Traffic Division,Both,1,0,0,0,0,0,0,0,210,Hinjewadi Traffic Yard,0,0,0,1,0,0
"Chandni Chowk Interchange & Service Roads: Following its massive multi-tier redevelopment, parking or staging private vehicles anywhere on the main ramps, service lanes, or bus boarding points surrounding Chandni Chowk is strictly illegal.",Bavdhan Traffic Division,Odd,1,0,0,0,0,0,0,1,239,Bavdhan Traffic Yard,1,0,0,0,0,1
Mumbai-Bengaluru Highway Flanks (Bavdhan Stretch): Parking on the main highway shoulders or blocking the highway-adjacent service roads (near major automobile showrooms like Audi and Toyota) is a direct violation.,Bavdhan Traffic Division,Even,0,0,1,0,0,0,0,0,213,Bavdhan Traffic Yard,0,0,0,0,0,0
Paud Road – NDA Pashan Road Junction: A heavy bottleneck. Leaving a vehicle within 30 to 50 meters of this intersection triggers severe enforcement.,Bavdhan Traffic Division,Both,1,0,0,0,0,0,0,0,148,Bavdhan Traffic Yard,0,0,0,1,0,0
"NDA Road (Main Bavdhan Commercial Stretch): The main road running through Bavdhan has highly restricted parking rules. Parallel or double-row parking outside commercial complexes, banks, and major retail storefronts is actively targeted by towing squads.",Bavdhan Traffic Division,Both,0,0,0,0,0,1,0,1,254,Bavdhan Traffic Yard,0,0,0,0,0,1
Ram Nagar Service Road & Connecting Lanes: This highly congested stretch near the highway features dense commercial offices where roadside double-parking is banned.,Bavdhan Traffic Division,Both,0,0,1,0,0,0,0,1,164,Bavdhan Traffic Yard,1,1,0,0,0,1
Patil Nagar Main Road: Monitored to ensure that the heavy flow of local public transport and PMPML buses is not impeded by double-parked two-wheelers or private cars.,Bavdhan Traffic Division,Both,0,1,0,0,0,0,0,0,166,Bavdhan Traffic Yard,0,1,0,0,0,0
"In front of Educational & Institutional Gates such as Arihant College, Suryadatta Institute",Bavdhan Traffic Division,Both,0,0,0,0,0,0,1,0,91,Bavdhan Traffic Yard,0,0,0,0,0,0
"Dehu Road Main Flyover Approaches: Parking private vehicles, transport tempos, or tourist buses near the ascending/descending ramps of the main flyover on the Old Pune-Mumbai Highway is strictly banned.",Dehu Road Traffic Division,Odd,0,0,1,0,0,0,0,1,202,Dehu Road Traffic Yard,0,0,0,0,0,1
"Kiwale Phata / Mukai Chowk Connecting Points: Serving as a vital transition point where commuters switch to the BRTS network or head toward the Expressway, the service road flanks here are zero-tolerance towing zones.",Dehu Road Traffic Division,Even,1,0,0,0,0,1,0,1,217,Dehu Road Traffic Yard,0,0,0,0,0,1
Katraj-Dehu Road Bypass Entry Ramps: Parking or stalling commercial trucks on the highway shoulders near the Dehu Road termination point is heavily penalized (especially during newly mandated peak-hour heavy vehicle bans).,Dehu Road Traffic Division,Both,0,0,1,0,0,0,0,0,222,Dehu Road Traffic Yard,0,0,0,0,0,0
Dehu Road Bazar / Main Market Lane: Roadside parallel or double-row parking by shoppers or shop owners along the primary bazaar stretch is prohibited.,Dehu Road Traffic Division,Both,0,0,0,0,0,0,1,1,150,Dehu Road Traffic Yard,1,0,0,0,1,1
Station Road (Near Dehu Road Railway Station): The peripheral roads outside the station and the approach tracks leading to the local auto-rickshaw stands are marked strictly to maintain an open right-of-way for transit buses.,Dehu Road Traffic Division,Both,0,1,0,0,0,0,1,1,225,Dehu Road Traffic Yard,0,0,0,0,0,1
Dehu-Moshi Road (Initial Urban Pockets): Parking along the narrow shoulders near initial residential/commercial blocks is actively fined to prevent commercial transport bottlenecks.,Dehu Road Traffic Division,Both,0,0,0,0,0,0,0,0,181,Dehu Road Traffic Yard,1,0,0,0,0,0
"Kudalwadi Main Road & Internal Crossings: Due to dense scrap markets and commercial sheds, parking any private or loading vehicles on the main asphalt lanes is completely prohibited.",Chikhali Traffic Division,Odd,0,0,0,0,0,0,1,1,182,Chikhali Traffic Yard,1,0,0,0,1,1
Chikhali-Moshi Link Road (Industrial Stretch): Parallel or double-row parking near major commercial junctions or industrial units is strictly banned to keep the mixed transit lanes clear.,Chikhali Traffic Division,Even,1,0,0,0,0,0,0,1,187,Chikhali Traffic Yard,1,0,0,0,0,1
Sonawane Vasti & Pawar Vasti Main Access Lanes: These connecting lanes guide logistics into the heart of Chikhali; parking on the road margins is heavily penalized.,Chikhali Traffic Division,Both,0,0,0,0,0,0,0,0,164,Chikhali Traffic Yard,1,0,0,0,0,0
"Dehu-Alandi Road (Chikhali Stretch): As a crucial arterial pilgrim and commuter highway corridor, leaving unattended private cars or delivery vehicles along the highway shoulders is illegal.",Chikhali Traffic Division,Both,0,0,1,0,0,0,0,0,190,Chikhali Traffic Yard,0,0,0,0,0,0
Spinning/Spine Road Connectors (Chikhali Borders): Parking near flyover entry-ramps or intersection turning tracks is disallowed to ensure safe turning radii for heavy vehicles.,Chikhali Traffic Division,Both,1,0,0,0,0,0,0,0,177,Chikhali Traffic Yard,0,0,0,0,0,0
Chikhali-Akurdi Road / Spine Road Junction Flanks: Parking within 30 to 50 meters of this busy transition node is a direct towing violation.,Chikhali Traffic Division,Both,1,0,0,0,0,1,0,0,140,Chikhali Traffic Yard,0,0,0,1,0,1
Chikhali Vegetable Market (Mandai Area): Unorganized parallel parking or stalling two-wheelers in front of the market gates or along the immediate roadside blocks essential right-of-way and triggers active towing drives.,Chikhali Traffic Division,Both,0,0,0,0,0,1,1,0,220,Chikhali Traffic Yard,0,0,0,0,1,1
"Pune-Nashik Highway (NH-60 - Chakan Stretch): Parking or stalling private cars, luxury buses, or freight tempos on the main highway shoulders or under the flyover ramps is strictly illegal.",Chakan Traffic Division,Odd,0,0,1,0,0,0,0,1,189,Chakan Traffic Yard,0,0,0,0,0,1
Talegaon-Chakan Road & Chakan-Shikrapur Road: These crucial state highways handle massive logistics. Unauthorized roadside parking,Chakan Traffic Division,Even,0,0,1,0,0,0,0,0,130,Chakan Traffic Yard,0,0,0,0,0,0
"Phase 1 & Phase 2 MIDC Main Arterial Roads: While short-term staging is permissible inside dedicated manufacturing facility bays, abandoning private vehicles or commercial fleets along the main industrial estate avenues is a major violation.",Chakan Traffic Division,Both,0,0,0,0,0,0,0,0,241,Chakan Traffic Yard,0,0,0,0,0,0
"No vehicles are allowed to park within 50 meters of major Chowk - Chakan Ambethan Chowk, Chakan Manik Chowk (Talegaon-Chakan Road Intersection), Alandi Phata Junction, Chakan Chhatrapati Shivaji Maharaj Chowk",Chakan Traffic Division,Both,1,0,0,0,0,0,0,0,208,Chakan Traffic Yard,0,0,0,1,0,0
"Chakan Market (Gaothan Bazaar Area): Due to narrow lanes and high pedestrian movement, roadside unorganized double-parking by shoppers or traders is banned. Vehicles must use designated commercial parking blocks.",Chakan Traffic Division,Both,0,0,0,0,0,0,1,1,212,Chakan Traffic Yard,1,0,0,0,1,1
"In front of Educational & Institutional Campus Gates: Access roads outside local PCMC schools, private academies, and administrative offices are kept as clear zones.",Chakan Traffic Division,Both,0,0,0,0,0,0,1,0,165,Chakan Traffic Yard,0,0,0,0,0,0
"Pune–Alandi Road (Dighi to Alandi Stretch): In coordination with the Alandi Municipal Council's anti-encroachment drives, the traffic police maintain a strict clear-carriageway mandate from Dehu Phata to Kale Colony. Parking private vehicles, two-wheelers, or delivery tempos on the asphalt lanes or pedestrian paths is illegal.",Dighi-Alandi Traffic Division,Odd,0,0,0,0,0,0,0,1,328,Dighi-Alandi Traffic Yard,1,1,0,0,0,1
"Pradakshina Road (Alandi Devachi): As the primary ring path used by pilgrims around the Sant Dnyaneshwar Maharaj Samadhi Temple, the entire stretch is a zero-tolerance ""No Parking"" zone.",Dighi-Alandi Traffic Division,Even,0,0,0,0,0,0,1,1,186,Dighi-Alandi Traffic Yard,0,0,1,0,0,1
Dighi-Bhosari Road & Wadmukhwadi Stretches: Parking near commercial complexes or blocking the narrow shoulders on these connecting lines is prohibited.,Dighi-Alandi Traffic Division,Both,0,0,0,0,0,0,0,1,151,Dighi-Alandi Traffic Yard,1,0,0,0,0,1
"No vehicles are allowed to park within 50 meters of major Chowk - Alandi Phata Junction (Dighi), Dehu Phata Junction (Alandi), Magazine Chowk / Dighi Magazine area, Dr. Babasaheb Ambedkar Chowk (Alandi)",Dighi-Alandi Traffic Division,Both,1,0,0,0,0,0,0,0,202,Dighi-Alandi Traffic Yard,0,0,0,1,0,0
Sant Dnyaneshwar Temple Perimeter & Ghat Access Lanes: Roads directly leading to the Indrayani River ghats and the primary temple access gates are completely closed to unauthorized private parking.,Dighi-Alandi Traffic Division,Both,0,0,0,0,0,0,1,0,197,Dighi-Alandi Traffic Yard,1,0,0,0,0,0
"Alandi ST Bus Stand Perimeter: No private cars, auto-rickshaws, or delivery vehicles are allowed to park along the outer compound walls or block the main entry/exit tracks used by state transport buses.",Dighi-Alandi Traffic Division,Both,0,1,0,0,0,0,0,0,202,Dighi-Alandi Traffic Yard,0,0,0,0,0,0
"Radha Chowk (NH-48 / Mahalunge-Balewadi Border): One of the busiest transit junctions. Stalling or parking along the service lanes, highway ramps, or turning tracks here is completely prohibited.",Mahalunge Traffic Division,Odd,1,0,1,0,0,0,0,1,195,Mahalunge Traffic Yard,1,0,0,0,0,1
Mhalunge Phata / Mahalunge Ingale Chowk: Heavily monitored for unauthorized commercial tempo and truck parking that blocks the industrial approach routes.,Mahalunge Traffic Division,Even,1,0,0,0,0,0,0,0,154,Mahalunge Traffic Yard,0,0,0,0,0,0
Badha Chowk: Zero tolerance for roadside parking near this critical connection point on the highway margin.,Mahalunge Traffic Division,Both,1,0,1,0,0,0,0,0,107,Mahalunge Traffic Yard,0,0,0,0,0,0
"Balewadi-Mahalunge-Chande Road: As a vital link connecting the residential developments to the Rajiv Gandhi Infotech Park (Hinjewadi), parking on either side of the main asphalt lane is illegal.",Mahalunge Traffic Division,Both,0,0,0,0,0,0,0,0,194,Mahalunge Traffic Yard,1,0,0,0,0,0
Sus-Mahalunge Link Road: Monitored closely due to narrow lane segments mixed with high-rise residential project entryways. Double-row parking outside commercial shops here is actively targeted.,Mahalunge Traffic Division,Both,0,0,0,0,0,0,0,0,193,Mahalunge Traffic Yard,1,0,0,0,0,0
Chande-Nande Road (Mahalunge Stretches): Unauthorized heavy commercial vehicles or private transport vans parked on the shoulders of this link road face direct enforcement.,Mahalunge Traffic Division,Both,0,0,0,0,0,0,0,0,172,Mahalunge Traffic Yard,0,0,0,0,0,0
"High-Rise Society Frontages (e.g., Godrej, VTP, and Yashwin clusters): To maintain clear access for emergency and public transport, parking private cars or delivery fleets on the public approach streets outside these mega-township main gates is banned.",Mahalunge Traffic Division,Both,0,0,0,0,0,1,0,1,252,Mahalunge Traffic Yard,0,1,0,0,0,1
Indapur Road & Bhigwan Road: Main transit corridors where roadside parking is strictly prohibited to maintain traffic flow.,Baramati Traffic Division,Both,0,0,0,0,0,0,0,1,123,Baramati Traffic Yard,0,0,0,0,0,1
Near Baramati ST Stand: The immediate vicinity of the bus depot is a high-enforcement zone for public safety.,Baramati Traffic Division,Both,0,1,0,0,0,0,0,0,109,Baramati Traffic Yard,0,0,0,0,0,0
"Market Areas (e.g., Main Bazaar Peth): Narrow streets in the city center often implement ""One-Side Parking"" or ""No Parking"" rules during peak business hours. 
School and Hospital Zones: Parking is prohibited within 50 meters of these institutions for safety reasons.",Baramati Traffic Division,Both,0,0,0,0,0,0,1,1,266,Baramati Traffic Yard,1,0,1,1,1,1
"Look for Official Signage: The only legally binding ""No Parking"" zones are those marked with the standard circular blue sign featuring a red border and a red cross (or a single diagonal slash for ""No Waiting"").",Baramati Traffic Division,Both,0,0,0,0,0,0,0,0,210,Baramati Traffic Yard,0,0,1,0,0,0
"Yellow/Red Curb Markings: Painted curbs indicate restricted parking. A solid yellow line typically denotes a ""No Waiting"" or loading-only zone, while red curbs usually indicate a permanent ""No Stopping"" area.",Baramati Traffic Division,Both,0,0,0,0,0,0,0,1,208,Baramati Traffic Yard,0,0,0,0,0,1
"Daund Railway Junction & Station Road: As one of the busiest railway hubs in the region, the entire stretch leading up to Daund Junction is heavily regulated. Leaving a vehicle unattended on Station Road outside designated railway parking lots will result in immediate towing. 
Shivaji Chowk & Main Market Arteries: The areas radiating out from Shivaji Chowk (near the Daund Police Station) and the central market blocks are strictly ""No Parking"" zones to ensure the passage of local state transport (ST) buses and emergency vehicles.",Daund Traffic Division,Both,1,0,0,0,0,1,1,1,534,Daund Traffic Yard,0,0,1,0,1,1
"Gopal Chowk to Dr. Babasaheb Ambedkar Chowk: Roadside parking is highly restricted on this busy commercial corridor. Local traffic police frequently run enforcement drives here to clear structural bottlenecks. 
National & State Highway Access Points: Connecting routes heading toward the Kurkumbh MIDC area or merging with major highways feature strict ""No Halting"" or ""No Parking"" rules on the shoulders to prevent accidents involving heavy multi-axle trucks.",Daund Traffic Division,Both,1,0,1,0,0,1,0,1,460,Daund Traffic Yard,0,0,1,0,0,1
"The 15-Meter Intersection Rule: In alignment with Maharashtra Motor Vehicle Rules, parking within 15 meters of any major Chowk (junction), T-point, or narrow alleyway entrance in Daund is automatically treated as an obstruction and penalized. 
P1 / P2 Parallel Parking Rules: On several congested commercial streets, Daund utilizes an alternate-day parking system. Check local signage carefully—parking on the wrong side of the street according to the odd/even date will trigger an e-challan.",Daund Traffic Division,Both,1,0,0,0,0,0,0,0,492,Daund Traffic Yard,1,0,0,1,0,0
"Raja Raghunathrao High School Road & ST Stand: The roads surrounding the central State Transport (ST) Bus Stand and leading towards the local state schools are high-priority clear zones. Parking on the roadside here causes heavy bus bottlenecks and is strictly penalized. 
Bhor Rajwada (Bhor Palace) Surroundings: As a major historical landmark and frequent movie shooting location, the roads and squares directly adjacent to the Bhor Rajwada maintain highly strict parking regulations to accommodate tourist foot traffic and tourist buses.",Bhor Traffic Division,Odd,0,1,0,0,0,1,1,1,540,Bhor Traffic Yard,0,0,0,0,0,1
"Main Market Line (Bazarpeth): The main commercial market lane is narrow. Leaving a four-wheeler parked on the main market stretch during daytime hours will result in immediate traffic police intervention. 
Bhor-Mahad Road (Pandharpur-Mahad Highway Section): The highway stretch passing through the municipal limits of Bhor is a continuous ""No Halting"" zone. Heavy passenger and transport vehicles are banned from parking on the highway shoulders.",Bhor Traffic Division,Odd,0,0,1,0,0,0,1,1,446,Bhor Traffic Yard,1,0,0,0,1,1
"Nasrapur Phata / Bhor-Kapurhol Link: If you are stopping near the highway junction points or the major arterial entry points into Bhor, parking within the immediate vicinity of the main chowks (crossroads) is completely prohibited.",Bhor Traffic Division,Odd,1,0,1,0,0,0,0,1,231,Bhor Traffic Yard,0,0,0,0,0,1
"Wagholi & Ahmednagar Road Corridor: As one of Haveli's heaviest traffic zones, roadside parking is strictly banned along the main Nagar Road stretch passing through Wagholi, especially near Baif Road, Tulapur Phata, and busy market intersections.",Haveli Traffic Division,Odd,1,0,0,0,0,0,1,1,246,Haveli Traffic Yard,0,1,0,0,1,1
"Sinhagad Road & Khadakwasla Stretch: The multi-lane roads passing through Kirkatwadi, Nanded Phata, and heading up towards the Khadakwasla Dam area are strict ""No Halting"" clearway zones. Parking along the main road shoulders—especially during weekends—triggers immediate towing.",Haveli Traffic Division,Odd,0,0,0,0,0,1,0,1,279,Haveli Traffic Yard,1,0,0,0,0,1
"Dhayari Phata & Narhe Corridor: The heavily congested approaches to Dhayari Phata, Narhe Road, and the surrounding industrial/residential alleys are strictly regulated. Leaving a vehicle unattended outside of marked shop boundaries will invite an e-challan.",Haveli Traffic Division,Odd,0,0,0,0,0,0,0,1,257,Haveli Traffic Yard,0,0,0,0,0,1
Hadapsar-Fursungi-Loni Kalbhor Link: The major connecting state highways and internal roads running through Fursungi and towards Loni Kalbhor feature strict curbside restrictions to keep the lanes clear for heavy multi-axle freight transport.,Haveli Traffic Division,Odd,0,0,1,0,0,1,0,1,242,Haveli Traffic Yard,1,0,0,0,0,1
"The 15-Meter Intersection Rule: Parking within 15 meters of any busy Phata (junction), major T-point, or narrow highway merging ramp is automatically categorized as a traffic hazard and penalized.",Haveli Traffic Division,Odd,1,0,1,0,0,0,0,0,196,Haveli Traffic Yard,1,0,0,1,0,0
Chakan-Talegaon Road & Chakan-Shikrapur Road: These are heavy industrial corridors. Roadside parking for any heavy vehicle or private car is strictly illegal along these routes. Leaving a vehicle on the shoulder causes severe bottlenecks for multi-axle industrial containers and will lead to an immediate fine.,Khed Traffic Division,Odd,0,0,0,0,0,0,0,1,310,Khed Traffic Yard,0,0,0,0,0,1
"Chakan Chowk (Manik Chowk / Ambethan Phata): The core junctions inside Chakan are completely strict ""Clear Zones."" Parking anywhere within 50 meters of these heavy bottlenecks is aggressively penalized.",Khed Traffic Division,Odd,1,0,0,0,0,0,0,1,202,Khed Traffic Yard,0,0,0,1,0,1
Chakan Vegetable Market (Mahatma Phule Market): The surrounding approach lanes are highly congested. Parking is strictly limited to designated municipal or private spaces.,Khed Traffic Division,Odd,0,0,0,0,0,0,1,1,171,Khed Traffic Yard,1,0,0,0,1,1
Pune-Nashik Highway ($NH-60$) Town Stretch: The section of the highway that cuts directly through Rajgurunagar acts as a major choke point. Parking on the highway shoulders or near the service roads is strictly prohibited.,Khed Traffic Division,Odd,0,0,1,0,0,1,0,1,222,Khed Traffic Yard,0,1,0,0,0,1
Rajgurunagar ST Bus Stand & Market Line (Bazarpeth): The arterial roads leading to the central state transport bus stand and the main market are narrow. Four-wheelers are routinely barred from long-term curbside parking here.,Khed Traffic Division,Odd,0,1,0,0,0,0,1,0,225,Khed Traffic Yard,1,1,0,0,1,0
Tindhar Chowk & Hanuman Nagar Intersections: These central city junctions undergo strict manual enforcement by traffic wardens daily.,Khed Traffic Division,Odd,1,0,0,0,0,0,0,1,133,Khed Traffic Yard,0,1,0,0,0,1
"Pradakshina Road: As a major holy path circling the Sant Dnyaneshwar Samadhi Mandir, the entire length of Pradakshina Road is a permanent No Parking and No Halting zone. Vehicles parked here are immediately towed to keep the paths clear for massive crowds of pilgrims.",Khed Traffic Division,Odd,0,0,0,0,0,1,0,1,268,Khed Traffic Yard,0,0,1,0,0,1
Alandi Bus Stand & Indrayani River Bridge Approaches: The narrow entry bridges and the areas surrounding the local ST Stand feature strict tow-away zones.,Khed Traffic Division,Odd,0,1,0,0,0,1,0,1,154,Khed Traffic Yard,1,0,0,0,0,1
"Alephata Chowk ($NH-60$ and $NH-222$ Intersection): As one of the busiest highway crossroads in Pune district, parking within 50 meters of the main intersection is completely prohibited.",Junnar Traffic Division,Both,1,0,1,0,0,0,0,1,186,Junnar Traffic Yard,0,0,0,1,0,1
"Alephata MSRTC Bus Stand Perimeter: The local traffic division and state transport administration strictly enforce a 200-meter No-Parking and Clearway Zone around the entire bus station. Private cars, tourist jeeps, and unauthorized private luxury buses parked on the curbs here are aggressively fined and towed to prevent heavy traffic bottlenecks.",Junnar Traffic Division,Odd,0,1,0,0,0,1,1,1,349,Junnar Traffic Yard,0,0,1,0,0,1
"Shivneri Fort Road Approach: The main approach roads climbing toward the base of Shivneri Fort feature strict no-parking restrictions, especially on weekends and public holidays. Visitors must use designated tourist parking bays.",Junnar Traffic Division,Odd,0,0,0,0,0,1,0,1,229,Junnar Traffic Yard,0,0,1,0,0,1
"Junnabazar / Main Bazarpeth Market: The historical market streets inside Junnar city are incredibly narrow. Four-wheelers are heavily restricted from curbside parking during business hours. 
Junnar ST Stand & Tahsil Office Road: Roadside parking outside the local government administrative offices and the state transport depot is illegal. Vehicles must use the allocated municipal utility parking slots.",Junnar Traffic Division,Odd,0,1,0,0,0,0,1,1,404,Junnar Traffic Yard,1,0,0,0,1,1
"Pune-Nashik Highway ($NH-60$) Town Stretch: The busy market stretches where the highway cuts through Narayangaon are continuous ""No Halting"" zones. Parking on highway shoulders to access local shops causes heavy accidents and triggers instant electronic fines.Narayangaon ST Stand & Primary Market Link: The local traffic wardens strictly clear vehicles that obstruct the turning radius of large state transport buses.",Junnar Traffic Division,Odd,0,1,1,0,0,1,1,1,418,Junnar Traffic Yard,0,0,0,0,1,1
"Shikrapur Chowk (Chakan-Shikrapur Flyover Zone): This is one of the worst traffic bottlenecks in the district. Roadside parking for any car, truck, or multi-axle carrier is strictly banned within several hundred meters of this main junction. Interceptor vans heavily penalize violators here. 
Kondhapuri & Perne Phata: As major connecting points feeding industrial traffic onto the highway, parking on the shoulders or service roads is an automatic violation.",Shirur Traffic Division,Odd,1,0,1,0,0,0,0,1,459,Shirur Traffic Yard,0,0,0,0,0,1
Shirur Town Highway Stretch: The segment of the highway cutting directly past Shirur town is a strict No Halting clearway zone to keep long-distance transit moving smoothly.,Shirur Traffic Division,Both,0,0,1,0,0,1,0,1,173,Shirur Traffic Yard,0,0,0,0,0,1
"MahaGanapati Temple Approach Roads: As a major Ashtavinayak temple destination, the immediate lanes leading to the temple are permanent tow-away zones—especially on weekends, Angarki Chaturthi, and festival days. Visitors must strictly use the designated Shree Mahaganapati New Parking lots.

Ranjangaon MIDC Main Avenues: Roads moving through the industrial manufacturing zones restrict unauthorized curbside parking. Heavy container trucks waiting for company gate openings must utilize official truck terminals (Atharv Yard or MIDC Parking Spaces) rather than blocking the public corridors.",Shirur Traffic Division,Both,0,0,0,0,0,1,1,1,593,Shirur Traffic Yard,1,0,0,0,0,1
"Shirur ST Bus Stand & Market Line (Bazarpeth): The roads radiating from the state transport bus depot and the narrow historic commercial lanes are heavily restricted. Four-wheelers are routinely barred from daytime street-side parking here.

Tehsildar / Police Station Road: Roadside parking outside the local government administrative blocks is illegal. Visitors are directed to marked municipal slots.",Shirur Traffic Division,Both,0,1,0,0,0,0,1,1,403,Shirur Traffic Yard,1,0,0,0,1,1
"Bhushi Dam Road (Aamby Valley Road): This is the most critical traffic corridor during the monsoon. Parking or stopping your vehicle on the main road or its unpaved shoulders is strictly prohibited. The traffic division deploys a dedicated towing squad here, and unauthorized vehicles are cleared immediately.

Tiger Point & Lion's Point Access: The narrow, winding roads leading up to these vantage points are permanent No Halting and No Parking zones. Visitors must use the designated, barricaded parking bays at the viewpoints.",Lonavala Traffic Division,Both,0,0,0,0,0,1,0,1,530,Lonavala Traffic Yard,1,0,1,0,0,1
"Khandala Ghat & Old Mumbai-Pune Highway ($NH-48$) Stretches: Parking on the sides of the old highway to take photos, look at the valley, or access small food stalls is completely illegal.",Lonavala Traffic Division,Both,0,0,1,0,0,0,1,0,187,Lonavala Traffic Yard,0,0,0,0,1,0
"Lonavala Market Line (Bazarpeth): The primary commercial lanes near the city core are extremely narrow. Four-wheelers are prohibited from long-term curbside parking here during busy daylight hours to prevent total paralysis of local transit.

Lonavala Railway Station & ST Bus Stand Roads: The approaching roads to the transit hubs are strict clearway zones. Dropping off passengers is permitted briefly, but leaving a vehicle unattended will result in an immediate towing fine or an e-challan.

Tungarli & Valvan Lake Roads: The approach lanes to these popular resort areas feature strict roadside parking bans, especially where the street width shrinks.",Lonavala Traffic Division,Both,0,1,0,0,0,1,1,1,655,Lonavala Traffic Yard,1,0,0,0,1,1
"Major Junctions & Intersections: Within 15 meters of any major intersection, including Koregaon Park Junction (near the petrol pump/Burning Ghat road entry) and ABC Farm Junction.",Koregaon Park Traffic Division,Odd,1,0,0,0,0,0,0,0,179,Koregaon Park Traffic Yard,0,0,0,1,0,0
Near the Osho International Meditation Resort: The immediate perimeter surrounding the Osho Ashram lane and its main gates is heavily monitored with no static vehicle parking allowed on the main thoroughfare.,Koregaon Park Traffic Division,Even,0,0,0,0,0,0,1,1,208,Koregaon Park Traffic Yard,1,0,0,0,0,1
"Narrow Connecting Lanes & By-Lanes: Several narrow internal lanes connecting North and South Main Roads are marked as ""No Parking"" zones on both sides to ensure emergency vehicles and local traffic can pass without gridlock.",Koregaon Park Traffic Division,Both,0,0,0,0,1,0,0,0,224,Koregaon Park Traffic Yard,1,0,1,0,0,0
"Public Utility & Safety Zones: Areas directly in front of hospitals, ambulance bays, school gates (such as near St. Felix or nearby educational centers), and the Koregaon Park Police Station / Mangaldas Police Chowki limits.",Koregaon Park Traffic Division,Both,1,0,0,0,0,0,1,0,224,Koregaon Park Traffic Yard,0,0,0,0,0,0
Shivaji Road (Select Stretches): The arterial stretch running through the heart of this division—especially near the Mandai (Mahatma Phule Mandai) area and around the Dagdusheth Halwai Ganpati Temple perimeter—is a zero-tolerance zone for unauthorized roadside parking.,Khadak  Traffic Division,Odd,0,0,0,0,0,0,1,1,269,Khadak  Traffic Yard,0,0,0,0,0,1
Bajirao Road Junctions: Specifically around Shaniwar Wada leading down towards Appa Balwant Chowk (ABC) and the busy Tulshibaug entry points.,Khadak  Traffic Division,Even,1,0,0,0,0,1,0,0,141,Khadak  Traffic Yard,0,0,0,0,0,1
Subhash Nagar Road & T-Junctions: The highly commercialized turns near Subhash Nagar and the lanes feeding into the main wholesale markets.,Khadak  Traffic Division,Both,1,0,0,0,0,0,1,0,139,Khadak  Traffic Yard,1,1,0,0,1,0
Around Khadak Police Station: The immediate perimeter and access roads around the Khadak Police Station/Chowki itself are strictly designated for official police or emergency vehicles only.,Khadak  Traffic Division,Both,1,0,0,0,0,0,1,1,189,Khadak  Traffic Yard,0,0,0,0,0,1
"Footpaths and Pedestrian Plazas: Due to severe crowding, parking two-wheelers on the sidewalks of Laxmi Road, Bajirao Road, or near Mandai results in heavy penalties.",Khadak  Traffic Division,Both,0,0,0,1,0,0,0,0,166,Khadak  Traffic Yard,0,0,0,0,0,1
Rasta Peth (Main Power House Road): Parking is strictly prohibited near the MSEDCL Power House junction and along the main arterial stretches to ensure continuous movement of utility and emergency vehicles.,Samrath  Traffic Division,Odd,1,0,0,0,0,0,0,1,206,Samrath  Traffic Yard,0,0,0,0,0,1
"Around KEM Hospital (Rasta Peth): The entire perimeter surrounding KEM Hospital, including the emergency ambulance bays and immediate approach lanes, is a strict No Parking / No Halting zone.",Samrath  Traffic Division,Even,0,0,0,0,0,0,1,1,191,Samrath  Traffic Yard,1,0,1,0,0,1
Apollo Talkies Chowk to its Connecting Arteries: The junctions branching out from this old landmark towards Rasta Peth and Somwar Peth are marked clear of any roadside vehicular storage.,Samrath  Traffic Division,Both,1,0,0,0,0,1,0,0,186,Samrath  Traffic Yard,0,0,0,0,0,1
Perimeter of Samarth Police Station: Roadways immediately surrounding the Samarth Police Station and the adjacent administrative chowkis are reserved strictly for law enforcement and emergency response vehicles.,Samrath  Traffic Division,Both,1,0,0,0,0,0,1,1,211,Samrath  Traffic Yard,0,0,0,0,0,1
"Daruwala Pool to Apollo Cinema Road: This narrow, highly congested transit corridor connecting old Peth areas cannot accommodate static parking on either side.",Samrath  Traffic Division,Both,0,0,0,0,0,0,0,0,159,Samrath  Traffic Yard,1,0,0,0,0,0
The 15-Meter Junction Rule: Parking is strictly illegal within 15 meters of any major intersection or Chowk under Samarth jurisdiction to safeguard turn-radii for public transport and emergency vehicles.,Samrath  Traffic Division,Both,1,0,0,0,0,0,0,1,203,Samrath  Traffic Yard,0,0,0,1,0,1
"Sidewalk Infringements: Due to heavily populated residential blocks in Mangalwar and Somwar Peth, parking two-wheelers on designated pedestrian footpaths invites severe structural fines.",Samrath  Traffic Division,Both,0,0,0,1,0,0,0,0,186,Samrath  Traffic Yard,0,0,0,0,0,1
M.G. Road Cross-Junctions (Walking Plazas): The immediate intersections near central commercial zones—specifically the Tryluck Restaurant Chowk and the area leading up to Hotel Aurora Towers—are strictly clear of unauthorized or double-parked vehicles.,Lashkar Traffic Division,Odd,1,0,0,0,0,1,0,1,252,Lashkar Traffic Yard,0,0,0,0,0,1
The ISKCON Temple Perimeter: Stretches along the access ways around the local ISKCON temple and its adjacent inner lanes strictly prohibit roadside vehicle assembly to prevent regular traffic blocks.,Lashkar Traffic Division,Even,0,0,0,0,0,0,1,1,199,Lashkar Traffic Yard,1,0,0,0,0,1
"Command Hospital & Military Medical Zones: Any approach corridor or thoroughfare heading towards the core Cantonment defense zones, military hospitals, and operational emergency access lanes are strictly protected No Parking / No Halting areas.",Lashkar Traffic Division,Both,0,0,0,0,0,1,1,1,244,Lashkar Traffic Yard,1,0,1,0,0,1
Around the Lashkar Police Station / Cantonment Chowkis: The immediate parameter walls and access roads surrounding the central Lashkar Police Station and local transit chowkis are entirely reserved for official defense and emergency machinery.,Lashkar Traffic Division,Both,1,0,0,0,0,0,1,0,243,Lashkar Traffic Yard,0,0,0,0,0,0
Footpaths & Pedestrian Shopping Plazas: Parking any two-wheeler or four-wheeler onto the sidewalks of M.G. Road or East Street is heavily fined due to high footfalls.,Lashkar Traffic Division,Both,0,0,0,1,0,0,0,0,166,Lashkar Traffic Yard,0,0,0,0,0,1
"Salunke Vihar Road (Core Commercial Stretch): Roadside parking is highly restricted on the main stretches of Salunke Vihar Road, especially near major commercial clusters, food joints, and complex junctions where double-parking blocks the single lane of moving traffic.",Wanawadi  Traffic Division,Odd,1,0,0,0,0,0,0,1,269,Wanawadi  Traffic Yard,1,0,0,0,0,1
Vitthal Rao Shivarkar Road: Stretches around major retail outlets (such as the Vishal Mega Mart area) are strictly monitored. Vehicles idling or parking randomly on the curbside face immediate action.,Wanawadi  Traffic Division,Even,0,0,0,0,0,0,0,1,200,Wanawadi  Traffic Yard,0,0,0,0,0,1
"Samrat Ashok Road / Wanawadi Bazar Road: The tight, historical market streets of Wanawadi village/bazar are designated as zero-tolerance parking zones to ensure public transport buses and emergency vehicles can navigate without gridlock.",Wanawadi  Traffic Division,Both,0,0,0,0,0,0,1,1,237,Wanawadi  Traffic Yard,0,0,0,0,1,1
"Around Armed Forces Medical College (AFMC) & Command Hospital Perimeter: Because Wanawadi borders extensive military medical establishments, the main arterial corridors and boundary walls leading toward AFMC and Command Hospital gates are strictly marked as No Parking / No Halting safety zones.",Wanawadi  Traffic Division,Both,0,0,0,0,0,1,1,1,295,Wanawadi  Traffic Yard,0,0,1,0,0,1
Azadnagar Access Corridors: The narrow entry and exit lanes feeding into Azadnagar have specific parking prohibitions enforced by the traffic branch to facilitate unobstructed passage for emergency vehicles like ambulances and fire brigades.,Wanawadi  Traffic Division,Both,0,0,0,0,0,0,0,0,241,Wanawadi  Traffic Yard,1,1,0,0,0,0
SRPF (State Reserve Police Force) Group 1 & 2 External Roads: The approach roads and external perimeters immediately flanking the SRPF campuses maintain strict security-driven No Parking protocols.,Wanawadi  Traffic Division,Both,0,0,0,0,0,0,0,1,197,Wanawadi  Traffic Yard,0,0,1,0,0,1
Lullanagar Chowk to Fakhri Hills Junction (400m Stretch): Roadside parking is banned on both sides of this busy corridor.,Kondhwa  Traffic Division,Odd,1,0,0,0,1,0,0,1,121,Kondhwa  Traffic Yard,0,1,0,0,0,1
Jyoti Hotel Chowk to Fakhri Hills Junction (600m Stretch): Parking is strictly banned on one side of this heavy commercial stretch to halt double-parking from visitors frequenting nearby fast-food joints and banks.,Kondhwa  Traffic Division,Even,1,0,0,0,0,0,0,1,214,Kondhwa  Traffic Yard,0,0,0,0,0,1
"Kausar Baug Masjid Road & Food Street Stretches: Because this lane is highly popular for evening food stalls, curbside parking is heavily restricted to prevent complete gridlock during evening peak hours.",Kondhwa  Traffic Division,Both,0,0,0,0,0,0,0,1,204,Kondhwa  Traffic Yard,1,0,0,0,0,1
Mithanagar Lane & Shantai Bhaji Mandai Entry Points: The access roads near the local vegetable market hubs are designated zero-tolerance zones to keep public transit and emergency vehicles moving freely.,Kondhwa  Traffic Division,Both,0,0,0,0,0,0,1,1,203,Kondhwa  Traffic Yard,1,1,0,0,1,1
Around Kondhwa Police Station / Local Chowkis: Road networks directly flanking the central police station precinct and surrounding administrative traffic chowkis are entirely reserved for official security machinery.,Kondhwa  Traffic Division,Both,1,0,0,0,0,0,1,0,216,Kondhwa  Traffic Yard,0,0,0,0,0,0
"Sinhagad Road (Arterial Stretches): Parking is strictly prohibited on the main road shoulder near highly clogged sections, especially around Dandekar Bridge Chowk, Pan Mala, and the approach lanes to the Savarkar Flyover.",Dattawadi  Traffic Division,Odd,1,0,0,0,0,0,0,1,221,Dattawadi  Traffic Yard,1,0,0,0,0,1
Mitra Mandal Chowk to Bajaj Statue Area: The entire thoroughfare running from Jedhe Chowk/Swargate boundary down through Mitra Mandal Chowk toward the Bajaj Statue is a zero-tolerance zone for roadside parking.,Dattawadi  Traffic Division,Even,1,0,0,0,0,1,0,1,210,Dattawadi  Traffic Yard,0,0,0,0,0,1
Anand Mangal Karyalaya to Dadawadi Jain Temple Corner: This heavily traversed inner link is kept completely clear of parked vehicles to prevent local bottlenecks.,Dattawadi  Traffic Division,Both,0,0,0,0,0,0,1,0,162,Dattawadi  Traffic Yard,0,0,0,0,0,0
"Golvalkar Guruji Path (Junction Perimeters): While localized parking exists on parts of this street, parking is explicitly banned within 50 meters of Gajanan Maharaj Chowk on all four intersecting approaches.",Dattawadi  Traffic Division,Both,1,0,0,0,0,0,0,1,208,Dattawadi  Traffic Yard,0,0,0,1,0,1
Perimeter of Ramkrishna Math (Sinhagad Road): The immediate roadway facing the main gates of the Ramkrishna Math precinct is an active No Parking / No Halting zone.,Dattawadi  Traffic Division,Both,0,0,0,0,0,0,0,0,164,Dattawadi  Traffic Yard,0,0,1,0,0,0
"Parvati Hill Base & Access Steps: Due to tourist and devotee crowds, the immediate narrow access lanes and winding roads around the lower steps of Parvati Hill maintain strict security-driven parking prohibitions.",Dattawadi  Traffic Division,Both,0,0,0,0,0,0,0,1,213,Dattawadi  Traffic Yard,1,0,0,0,0,1
"Katraj Chowk Perimeter (Within 50 Meters): As one of South Pune's heaviest traffic bottlenecks, parking or halting vehicles within 50 meters of Katraj Chowk—extending towards the Katraj ST Stand, the PMPML bus depot, and the Rajiv Gandhi Zoological Park (Katraj Zoo) main gate—is strictly banned.",Bharati Vidyapeeth  Traffic Division,Odd,1,1,0,0,0,1,0,1,296,Bharati Vidyapeeth  Traffic Yard,0,0,0,1,0,1
Bharati Vidyapeeth University Main Campus Road: The thoroughfare directly outside the primary college gates (Katraj-Dehu Road Bypass side and internal link approach road) is a zero-tolerance zone for roadside parking. Vehicles idling on the main shoulder block student transit buses.,Bharati Vidyapeeth  Traffic Division,Even,0,0,0,0,0,0,1,1,283,Bharati Vidyapeeth  Traffic Yard,0,0,0,0,0,1
Katraj-Dehu Road Bypass (NH-48) Service Roads: Parking is prohibited on the service lanes near Ambegaon Budruk and the Navale Bridge stretch falling under this jurisdiction.,Bharati Vidyapeeth  Traffic Division,Odd,0,0,1,0,0,0,0,1,173,Bharati Vidyapeeth  Traffic Yard,1,0,0,0,0,1
"Around Dhankawadi Police Station & Local Chowkis: Roadways directly lining the Dhankawadi Police Station, the Bharati Vidyapeeth Police Station, and local traffic chowkis are entirely reserved for official police machinery and emergency response vehicles.",Bharati Vidyapeeth  Traffic Division,Odd,1,0,0,0,0,0,1,0,255,Bharati Vidyapeeth  Traffic Yard,0,0,0,0,0,0
Trimurti Chowk to Last Bus Stop Road (Dhankawadi): The commercial curbsides along this narrow arterial lane are highly restricted to prevent complete gridlock during afternoon and evening market hours.,Bharati Vidyapeeth  Traffic Division,Odd,1,0,0,0,0,0,1,1,201,Bharati Vidyapeeth  Traffic Yard,1,0,0,0,1,1
"Karve Road (Main Arterial Stretches): Due to the high volume of traffic and the presence of major commercial properties and institutions, roadside parking is strictly banned on both sides of Karve Road within this jurisdiction.",Alankar Traffic Division,Odd,0,0,0,0,1,0,0,1,227,Alankar Traffic Yard,0,0,0,0,0,1
Alankar Pool Road (Near Alankar Police Station): The main approach road and narrow lanes leading up to the Alankar Police Station precinct must remain entirely clear of unauthorized or stagnant public vehicles.,Alankar Traffic Division,Even,0,0,0,0,0,0,1,0,210,Alankar Traffic Yard,1,0,0,0,0,0
"Deenanath Mangeshkar Hospital Proximity: The immediate approach corridors, emergency vehicle entrance/exit gates, and peripheral boundary walls of Deenanath Mangeshkar Hospital (Erandwane) are strict No Parking / No Halting emergency zones.",Alankar Traffic Division,Odd,0,0,0,0,0,0,1,1,240,Alankar Traffic Yard,0,0,1,0,0,1
Rajaram Bridge to Karve Nagar Chowk Corridor: Roadside parking or temporary idling along this highly traveled arterial connection is strictly prohibited on both shoulders to avoid massive peak-hour spillover bottlenecks.,Alankar Traffic Division,Odd,1,0,0,0,0,0,0,1,220,Alankar Traffic Yard,0,1,0,0,0,1
Near Cummins College Road (Select Junctions): The approach areas and intersections flanking Maharshi Karve Stree Shikshan Samstha (Cummins College) and its nearby coaching hubs maintain localized zero-tolerance parking zones to safeguard pedestrian movement.,Alankar Traffic Division,Odd,1,0,0,0,0,0,1,1,258,Alankar Traffic Yard,0,0,0,0,0,1
The 15-Meter Junction Clear Rule: Parking is strictly illegal within 15 meters of any major intersecting Chowk (such as Karve Nagar Chowk or intersections near Cummins College) to preserve safe turning radii for PMPML buses.,Alankar Traffic Division,Odd,1,1,0,0,0,0,1,1,224,Alankar Traffic Yard,0,1,0,1,0,1
"Sidewalk Obstructions: Given the high density of student and senior citizen foot traffic in Karve Nagar and Erandwane, two-wheelers parked on pedestrian footpaths face instant penalties.",Alankar Traffic Division,Odd,0,0,0,1,0,0,0,0,186,Alankar Traffic Yard,0,1,0,0,0,1
"NDA Road (Main Market Stretches): Roadside parking is strictly prohibited on both shoulders along the core commercial stretch of Uttam Nagar and Shivane markets, where double-parking instantly bottlenecks commuter traffic.",Uttamnagar  Traffic Division,Odd,0,0,0,0,0,0,1,1,222,Uttamnagar  Traffic Yard,0,1,0,0,1,1
NDA Khadakwasla Police Station Perimeter: The thoroughfare directly in front of and surrounding the NDA Khadakwasla Police Station (situated near Sanjivani Hospital) is an active zero-tolerance zone reserved entirely for law enforcement and emergency vehicles.,Uttamnagar  Traffic Division,Even,0,0,0,0,0,0,1,1,260,Uttamnagar  Traffic Yard,0,0,0,0,0,1
Sanjivani Hospital Approach & Ambulance Bays: The immediate roadside area flanking Sanjivani Hospital and nearby medical clinics must remain completely unobstructed to safeguard emergency access.,Uttamnagar  Traffic Division,Odd,0,0,0,0,0,0,1,0,195,Uttamnagar  Traffic Yard,0,0,0,0,0,0
Deshmukhwadi and Ganpati Matha Chowk Intersections: No parking or heavy vehicle idling is permitted within 15 meters of these crucial junctions connecting internal village pockets to the main highway.,Uttamnagar  Traffic Division,Odd,1,0,1,0,0,0,0,0,200,Uttamnagar  Traffic Yard,0,0,1,1,0,0
Ahilyadevi Holkar Chowk: The immediate vicinity of this prominent junction is highly monitored by traffic wardens to ensure smooth turning radii for public PMPML transit buses.,Uttamnagar  Traffic Division,Odd,1,1,0,0,0,0,0,0,176,Uttamnagar  Traffic Yard,0,0,0,0,0,1
"No Heavy Vehicle Halting: Heavy commercial transport, cement mixers, and loading trucks are entirely prohibited from parking, idling, or loading/unloading on the main shoulders of NDA Road between 6:00 AM and 11:00 PM.",Uttamnagar  Traffic Division,Odd,0,0,0,0,0,0,0,1,218,Uttamnagar  Traffic Yard,0,0,0,0,0,1
"Airport Road (New Airport Terminal Core Corridors): Roadside parking, extended waiting, or staging on the main shoulders of Airport Road and the access stretches directly flanking Terminal 1 and Terminal 2 is strictly banned.",Vimantal  Traffic Division,Odd,0,0,0,0,0,0,0,1,225,Vimantal  Traffic Yard,0,0,0,0,0,1
Symbiosis International School & College Roads: The approach avenues and intersections outside Symbiosis in Viman Nagar are strictly marked as No Parking. Double-parking by private vehicles or auto-rickshaws during morning drop-off and afternoon pick-up times is heavily penalized.,Vimantal  Traffic Division,Even,1,0,0,0,0,0,1,1,281,Vimantal  Traffic Yard,0,1,1,0,0,1
Phoenix Marketcity Perimeter (Nagar Road Approach): The service road and immediate peripheral lanes directly outside Phoenix Marketcity Mall are zero-tolerance areas. Vehicles idling on the street to avoid mall parking charges are immediately towed.,Vimantal  Traffic Division,Odd,0,0,0,0,0,1,1,1,249,Vimantal  Traffic Yard,1,1,0,0,1,1
Vimantal Police Station to Sanjay Park Lanes: Road networks immediately surrounding the Vimantal Police Control Room/Chowki and the narrow corridors running through Sanjay Park must remain unobstructed for patrol vehicles and airport emergency responders.,Vimantal  Traffic Division,Odd,1,0,0,0,0,0,1,0,255,Vimantal  Traffic Yard,1,0,0,0,0,0
Datta Mandir Chowk & Ganpati Chowk Intersections: No parking or commercial loading/unloading is permitted within 15 meters of these major Viman Nagar junctions to prevent traffic bottlenecks.,Vimantal  Traffic Division,Odd,1,0,0,0,0,0,0,0,191,Vimantal  Traffic Yard,0,1,1,1,0,0
Sidewalk Infringements: Parking two-wheelers on the paved footpaths of Viman Nagar results in immediate tyre-locking and a standard municipal safety penalty.,Vimantal  Traffic Division,Odd,0,0,0,1,0,0,0,0,157,Vimantal  Traffic Yard,0,1,0,0,0,1
Bus Bays & Auto-Stands: Halting private vehicles within 15 meters of designated PMPML bus stops or authorized auto-rickshaw stands across this division is strictly illegal.,Vimantal  Traffic Division,Odd,0,1,0,0,0,0,0,1,172,Vimantal  Traffic Yard,0,0,0,1,0,1
"Vishrantwadi Chowk Intersection (50-Meter Radius): Parking, halting, or staging any private vehicle, auto-rickshaw, or private travel bus within 50 meters of the central five-arm junction is completely prohibited.",Vishrantwadi Traffic Division,Odd,1,0,0,0,0,0,0,1,213,Vishrantwadi Traffic Yard,0,0,0,1,0,1
Alandi Road (Chowk to Phule Nagar Stretch): The main roadside shoulders of Alandi Road are strict zero-tolerance zones. This is highly monitored due to high-frequency PMPML transit bus routes moving towards northern suburbs.,Vishrantwadi Traffic Division,Even,1,1,0,0,0,1,0,1,224,Vishrantwadi Traffic Yard,0,1,0,0,0,1
"Tingre Nagar Road (Main Approach): Roadside parking is banned on both sides of the main avenue heading from Vishrantwadi Chowk toward Tingre Nagar, especially near commercial commercial blocks where double-parking instantly blocks traffic.",Vishrantwadi Traffic Division,Odd,1,0,0,0,1,1,0,1,239,Vishrantwadi Traffic Yard,0,1,0,0,0,1
Dhanori Road Corner & Slopes: The initial bottleneck stretch where the road ascends from the junction toward Dhanori is designated as a strict clear zone.,Vishrantwadi Traffic Division,Odd,1,0,0,0,0,1,0,1,154,Vishrantwadi Traffic Yard,0,0,0,0,0,1
Perimeter of Vishrantwadi Police Station & Chowki: The roadways and access paths directly flanking the local police station and traffic administration hub are strictly reserved for official emergency machinery.,Vishrantwadi Traffic Division,Odd,1,0,0,0,0,0,1,1,210,Vishrantwadi Traffic Yard,0,0,0,0,0,1
Bus Stops & Public Transport Transit Bays: Parking private vehicles within 15 meters of designated PMPML bus shelters across Alandi Road or Dhanori Road is heavily penalized by on-duty traffic wardens.,Vishrantwadi Traffic Division,Odd,0,1,0,0,0,0,0,0,201,Vishrantwadi Traffic Yard,0,0,0,1,0,0
Flyover Approach Ramps: Halting or parking a vehicle anywhere near the start or exit ramps of the Vishrantwadi flyover network is strictly forbidden.,Vishrantwadi Traffic Division,Odd,0,0,0,0,0,0,0,1,149,Vishrantwadi Traffic Yard,0,0,0,0,0,1
Elphinstone Road (Main Arterial Stretch): Roadside parking or temporary staging is completely banned on both sides of this major avenue. This restriction ensures that military convoys and emergency hospital transit remain entirely unobstructed.,Khadki  Traffic Division,Odd,0,0,0,0,1,0,1,1,244,Khadki  Traffic Yard,0,0,0,0,0,1
Khadki Bazaar Core Market Roads: The internal narrow pathways running through Khadki Bazaar are zero-tolerance zones. Double-parking by commercial transport vehicles or shoppers here is heavily targeted during peak afternoon and evening trade hours.,Khadki  Traffic Division,Even,0,0,0,0,0,0,1,1,249,Khadki  Traffic Yard,1,0,0,0,1,1
"Around Khadki Railway Station Access Roads: The immediate station approach lines, pick-up terminals, and peripheral walls must be kept clear of unauthorized parking to avoid blocking local PMPML bus routes and commuter drop-offs.",Khadki  Traffic Division,Odd,0,1,0,0,0,0,1,0,229,Khadki  Traffic Yard,0,0,0,0,0,0
"Aundh Road - Khadki Cantonment Stretches: Roadside parking is highly restricted on the main shoulders of Aundh Road falling within KCB limits, especially near dense residential societies and schools (such as near St. Thomas Public School layouts).",Khadki  Traffic Division,Odd,0,0,0,0,0,0,1,1,247,Khadki  Traffic Yard,0,0,0,0,0,1
"Perimeter of Ammunition Factory & Military Gates: The entire peripheral roadway flanking the Khadki Ammunition Factory walls, defense depots, and operational camp gates are designated secure No Parking / No Halting areas.",Khadki  Traffic Division,Odd,0,0,0,0,0,0,0,0,221,Khadki  Traffic Yard,0,0,1,0,0,0
Near Khadki Police Station & Traffic Chowki: Road networks immediately surrounding the Khadki Police Station and local transit chowkis are explicitly reserved for law enforcement machinery.,Khadki  Traffic Division,Odd,1,0,0,0,0,0,1,0,189,Khadki  Traffic Yard,0,0,0,0,0,0
"Sidewalk Obstructions: Following strict Cantonment civic rules, parking any two-wheeler or four-wheeler on pedestrian footpaths across Khadki invites rapid towing and additional administrative penalties.",Khadki  Traffic Division,Odd,0,0,0,1,0,1,0,1,203,Khadki  Traffic Yard,0,0,0,0,0,1
Bus Stops & Public Transport Transit Bays: Halting private vehicles within 20 meters prior to and 15 meters after designated PMPML bus shelters is strictly prohibited to guarantee unobstructed public transit maneuvers.,Khadki  Traffic Division,Odd,0,1,0,0,0,0,0,1,218,Khadki  Traffic Yard,0,0,0,1,0,1
"Bhosale Nagar Main Road (Select Stretches): To prevent morning and evening transit blocks, roadside parking is strictly restricted on the main spine of Bhosale Nagar, especially at the entry-exit necks that interface with Ganeshkhind Road.",Chaturshringi (Bhosale Nagar)  Traffic Division,Odd,0,0,0,0,0,0,0,1,239,Chaturshringi (Bhosale Nagar)  Traffic Yard,0,1,0,0,0,1
"Ganeshkhind Road (E-Square to University Flyover): Due to ongoing infrastructure projects, flyovers, and metro construction routes, the entire main road shoulder on both sides is a absolute No Parking / No Halting zone.",Chaturshringi (Bhosale Nagar)  Traffic Division,Even,0,0,0,0,1,0,0,0,219,Chaturshringi (Bhosale Nagar)  Traffic Yard,0,0,1,0,0,0
"Senapati Bapat (SB) Road (Commercial Frontages): Parking parallel to the main road outside major commercial centers like the ICC Trade Tower, Pavilion Mall perimeter, and corporate offices is heavily restricted.",Chaturshringi (Bhosale Nagar)  Traffic Division,Odd,0,0,0,0,0,1,1,1,211,Chaturshringi (Bhosale Nagar)  Traffic Yard,0,0,0,0,1,1
"University (SPPU) Circle Boundary: Staging or parking private buses, tourist vehicles, or private vehicles within 50 meters of the central University Circle junction is strictly prohibited.",Chaturshringi (Bhosale Nagar)  Traffic Division,Odd,1,0,0,0,0,0,0,1,189,Chaturshringi (Bhosale Nagar)  Traffic Yard,0,0,0,1,0,1
Perimeter of Chaturshringi Police Station & Raj Bhavan: The approach paths directly flanking the Chaturshringi Police Station (opposite Raj Bhavan gates) and the immediate administrative chowkis are reserved entirely for law enforcement and official security machinery.,Chaturshringi (Bhosale Nagar)  Traffic Division,Odd,1,0,0,0,0,0,1,0,269,Chaturshringi (Bhosale Nagar)  Traffic Yard,0,0,0,0,0,0
The 15-Meter Junction Intersection Rule: Parking is strictly illegal within 15 meters of any key intersection (such as the crossroads connecting Bhosale Nagar to Range Hills or deep Erandwane links) to safeguard turning clearances for local municipal PMPML transit buses.,Chaturshringi (Bhosale Nagar)  Traffic Division,Odd,1,1,0,0,0,0,0,1,271,Chaturshringi (Bhosale Nagar)  Traffic Yard,0,1,0,1,0,1
